model,asr,ods,sbr,pairs,risk_score,robustness_score,attack_successes,drift_events,semantic_breaks,proj_successes_per_1000,proj_drift_per_1000,risk_zscore,risk_rank
resnet18,0.14333333333333334,0.06979695727427801,0.0,300.0,0.10326226837933064,0.8967377316206694,43.0,20.9390871822834,0.0,143.33333333333334,69.79695727427801,1.4606480091738754,1
mobilenet,0.10666666666666667,0.06410422546168168,0.0,300.0,0.08110314557825526,0.9188968544217447,32.0,19.231267638504505,0.0,106.66666666666667,64.10422546168168,0.5133050218955024,2
deit_tiny,0.12666666666666668,0.014722000590215127,0.0,300.0,0.07481936687324198,0.925180633126758,38.0,4.416600177064538,0.0,126.66666666666667,14.722000590215128,0.24466200099421379,3
mobilevit,0.056666666666666664,0.047770491937796276,0.0,300.0,0.04788633884489536,0.9521136611551047,17.0,14.331147581338882,0.0,56.666666666666664,47.77049193779628,-0.9067741572813205,4
clip,0.03,0.06260428269704182,0.0,300.0,0.03841149894396464,0.9615885010560353,9.0,18.78128480911255,0.0,30.0,62.604282697041825,-1.3118408747822694,5
