{
    "clip": {
        "asr": 0.03,
        "ods": 0.06260428269704182,
        "sbr": 0.0,
        "pairs": 300
    },
    "mobilevit": {
        "asr": 0.056666666666666664,
        "ods": 0.047770491937796276,
        "sbr": 0.0,
        "pairs": 300
    },
    "deit_tiny": {
        "asr": 0.12666666666666668,
        "ods": 0.014722000590215127,
        "sbr": 0.0,
        "pairs": 300
    },
    "mobilenet": {
        "asr": 0.10666666666666667,
        "ods": 0.06410422546168168,
        "sbr": 0.0,
        "pairs": 300
    },
    "resnet18": {
        "asr": 0.14333333333333334,
        "ods": 0.06979695727427801,
        "sbr": 0.0,
        "pairs": 300
    }
}