{
  "resnet18": {
    "ASR": 0.7372881355932204,
    "CDS": 0.09360728579053909,
    "SBR": 0.0,
    "MRS": 0.6676418314464962,
    "Avg_Conf_Original": 0.309396198840212,
    "Avg_Conf_Poison": 0.403416284659909
  },
  "mobilenet": {
    "ASR": 0.4576271186440678,
    "CDS": 0.1734977476818908,
    "SBR": 0.0,
    "MRS": 0.7475500534696166,
    "Avg_Conf_Original": 0.30207357912371724,
    "Avg_Conf_Poison": 0.26722909200747136
  },
  "deit_tiny": {
    "ASR": 0.6186440677966102,
    "CDS": 0.2795494348941067,
    "SBR": 0.0,
    "MRS": 0.6407225989237132,
    "Avg_Conf_Original": 0.21513931803657846,
    "Avg_Conf_Poison": 0.15218027835806547
  },
  "mobilevit": {
    "ASR": 0.7457627118644068,
    "CDS": 0.10431794894376786,
    "SBR": 0.0,
    "MRS": 0.6599677356767302,
    "Avg_Conf_Original": 0.28807865922986453,
    "Avg_Conf_Poison": 0.35711460989915716
  },
  "clip": {
    "ASR": 0.2796610169491525,
    "CDS": 0.029960073742592536,
    "SBR": 0.0,
    "MRS": 0.8761515637233019,
    "Avg_Conf_Original": 0.46827451657440705,
    "Avg_Conf_Poison": 0.5823807673434079
  }
}