model,asr,ods,sbr,pairs,risk_score,robustness_score,attack_successes,drift_events,semantic_breaks,proj_successes_per_1000,proj_drift_per_1000,risk_zscore,risk_rank
clip,0.38666666666666666,0.17340687414010367,0.0,300.0,0.27335907261570297,0.7266409273842971,116.0,52.0220622420311,0.0,386.6666666666667,173.40687414010367,1.9678050789769566,1
mobilenet,0.14333333333333334,0.05757831464211146,0.0,300.0,0.09898574345807234,0.9010142565419277,43.0,17.273494392633438,0.0,143.33333333333334,57.57831464211146,-0.1493973597539032,2
resnet18,0.09,0.04339066438376903,0.0,300.0,0.06468673253431917,0.9353132674656808,27.0,13.01719931513071,0.0,90.0,43.390664383769035,-0.5658483727880191,3
mobilevit,0.08666666666666667,0.03907556331406037,0.0,300.0,0.061343113826587796,0.9386568861734123,26.0,11.722668994218111,0.0,86.66666666666667,39.07556331406037,-0.606445852439254,4
deit_tiny,0.07666666666666666,0.04545545758058627,0.0,300.0,0.058076076819871855,0.9419239231801282,23.0,13.63663727417588,0.0,76.66666666666666,45.45545758058627,-0.6461134939957797,5
