{
    "clip": {
        "asr": 0.38666666666666666,
        "ods": 0.17340687414010367,
        "sbr": 0.0,
        "pairs": 300
    },
    "mobilevit": {
        "asr": 0.08666666666666667,
        "ods": 0.03907556331406037,
        "sbr": 0.0,
        "pairs": 300
    },
    "deit_tiny": {
        "asr": 0.07666666666666666,
        "ods": 0.04545545758058627,
        "sbr": 0.0,
        "pairs": 300
    },
    "mobilenet": {
        "asr": 0.14333333333333334,
        "ods": 0.05757831464211146,
        "sbr": 0.0,
        "pairs": 300
    },
    "resnet18": {
        "asr": 0.09,
        "ods": 0.04339066438376903,
        "sbr": 0.0,
        "pairs": 300
    }
}